{
  "width": 1563,
  "height": 297,
  "cx": [
    [ "PROJECT", 243 ],
    [ "USER", 370 ],
    [ "BOARD", 481 ],
    [ "BOARD_MEMBER", 609 ],
    [ "COLUMN", 753 ],
    [ "TASK", 903 ],
    [ "ATTACHMENT", 1038 ],
    [ "COMMENT", 1162 ],
    [ "TASK_HISTORY", 1288 ],
    [ "CONTAINS", 49 ],
    [ "OWNS", 148 ],
    [ "CREATES", 243 ],
    [ "BELONGS_TO", 370 ],
    [ "HAS", 481 ],
    [ "CONTAINS_TASK", 609 ],
    [ "ASSIGNED_TO", 753 ],
    [ "HAS_ATTACHMENT", 903 ],
    [ "UPLOADS", 1038 ],
    [ "HAS_COMMENT", 1162 ],
    [ "WRITES", 1288 ],
    [ "GENERATES", 1396 ],
    [ "PERFORMS", 1513 ]
  ],
  "cy": [
    [ "PROJECT", 111 ],
    [ "USER", 111 ],
    [ "BOARD", 111 ],
    [ "BOARD_MEMBER", 111 ],
    [ "COLUMN", 111 ],
    [ "TASK", 111 ],
    [ "ATTACHMENT", 111 ],
    [ "COMMENT", 111 ],
    [ "TASK_HISTORY", 111 ],
    [ "CONTAINS", 263 ],
    [ "OWNS", 263 ],
    [ "CREATES", 263 ],
    [ "BELONGS_TO", 263 ],
    [ "HAS", 263 ],
    [ "CONTAINS_TASK", 263 ],
    [ "ASSIGNED_TO", 263 ],
    [ "HAS_ATTACHMENT", 263 ],
    [ "UPLOADS", 263 ],
    [ "HAS_COMMENT", 263 ],
    [ "WRITES", 263 ],
    [ "GENERATES", 263 ],
    [ "PERFORMS", 263 ]
  ],
  "shift": [
    [ "CONTAINS,PROJECT,0", 0 ],
    [ "CONTAINS,USER,0", 0 ],
    [ "OWNS,PROJECT,0", 0 ],
    [ "OWNS,BOARD,0", 0 ],
    [ "CREATES,USER,0", 0 ],
    [ "CREATES,BOARD,0", 0 ],
    [ "BELONGS_TO,USER,0", 0 ],
    [ "BELONGS_TO,BOARD,0", 0 ],
    [ "HAS,BOARD,0", 0 ],
    [ "HAS,COLUMN,0", 0 ],
    [ "CONTAINS_TASK,COLUMN,0", 0 ],
    [ "CONTAINS_TASK,TASK,0", 0 ],
    [ "ASSIGNED_TO,USER,0", 0 ],
    [ "ASSIGNED_TO,TASK,0", 0 ],
    [ "HAS_ATTACHMENT,TASK,0", 0 ],
    [ "HAS_ATTACHMENT,ATTACHMENT,0", 0 ],
    [ "UPLOADS,USER,0", 0 ],
    [ "UPLOADS,ATTACHMENT,0", 0 ],
    [ "HAS_COMMENT,TASK,0", 0 ],
    [ "HAS_COMMENT,COMMENT,0", 0 ],
    [ "WRITES,USER,0", 0 ],
    [ "WRITES,COMMENT,0", 0 ],
    [ "GENERATES,TASK,0", 0 ],
    [ "GENERATES,TASK_HISTORY,0", 0 ],
    [ "PERFORMS,USER,0", 0 ],
    [ "PERFORMS,TASK_HISTORY,0", 0 ]
  ],
  "ratio": []
}
